<?xml version="1.0" encoding="UTF-8"?><?xml-stylesheet type='text/xsl' href='_UpgradeReport_Files/UpgradeReport.xslt'?><UpgradeLog>
<Properties><Property Name="Solution" Value="SocketServer">
</Property><Property Name="解决方案文件" Value="C:\Users\skybluewang\Desktop\21928 C#网络应用编程（第2版）源程序\ch04\E01-TCPSocket\SocketServer\SocketServer.sln">
</Property><Property Name="用户选项文件" Value="C:\Users\skybluewang\Desktop\21928 C#网络应用编程（第2版）源程序\ch04\E01-TCPSocket\SocketServer\SocketServer.suo">
</Property><Property Name="Date" Value="2013年10月9日">
</Property><Property Name="Time" Value="12:06">
</Property></Properties><Event ErrorLevel="0" Project="" Source="SocketServer.sln" Description="文件已成功备份为 C:\Users\skybluewang\Desktop\21928 C#网络应用编程（第2版）源程序\ch04\E01-TCPSocket\SocketServer\Backup\SocketServer.sln">
</Event><Event ErrorLevel="0" Project="" Source="SocketServer.suo" Description="文件已成功备份为 C:\Users\skybluewang\Desktop\21928 C#网络应用编程（第2版）源程序\ch04\E01-TCPSocket\SocketServer\Backup\SocketServer.suo">
</Event><Event ErrorLevel="0" Project="SocketServer" Source="SocketServer\SocketServer.csproj" Description="项目文件已成功备份为 C:\Users\skybluewang\Desktop\21928 C#网络应用编程（第2版）源程序\ch04\E01-TCPSocket\SocketServer\Backup\SocketServer\SocketServer.csproj">
</Event><Event ErrorLevel="0" Project="SocketServer" Source="SocketServer\Program.cs" Description="文件已成功备份为 C:\Users\skybluewang\Desktop\21928 C#网络应用编程（第2版）源程序\ch04\E01-TCPSocket\SocketServer\Backup\SocketServer\Program.cs">
</Event><Event ErrorLevel="0" Project="SocketServer" Source="SocketServer\Properties\AssemblyInfo.cs" Description="文件已成功备份为 C:\Users\skybluewang\Desktop\21928 C#网络应用编程（第2版）源程序\ch04\E01-TCPSocket\SocketServer\Backup\SocketServer\Properties\AssemblyInfo.cs">
</Event><Event ErrorLevel="0" Project="SocketServer" Source="SocketServer\SocketServer.csproj" Description="项目已成功转换">
</Event><Event ErrorLevel="3" Project="SocketServer" Source="SocketServer\SocketServer.csproj" Description="Converted">
</Event><Event ErrorLevel="0" Project="" Source="SocketServer.sln" Description="成功转换解决方案">
</Event><Event ErrorLevel="3" Project="" Source="SocketServer.sln" Description="Converted">
</Event><Event ErrorLevel="0" Project="SocketServer" Source="SocketServer\SocketServer.csproj" Description="扫描完成: 项目文件不需要升级。">
</Event></UpgradeLog>