<?xml version="1.0" encoding="UTF-8"?><?xml-stylesheet type='text/xsl' href='_UpgradeReport_Files/UpgradeReport.xslt'?><UpgradeLog>
<Properties><Property Name="Solution" Value="HttpGetExample">
</Property><Property Name="解决方案文件" Value="C:\Users\skybluewang\Desktop\21928 C#网络应用编程（第2版）源程序\ch08\E01-HttpGetExample\HttpGetExample\HttpGetExample.sln">
</Property><Property Name="用户选项文件" Value="C:\Users\skybluewang\Desktop\21928 C#网络应用编程（第2版）源程序\ch08\E01-HttpGetExample\HttpGetExample\HttpGetExample.suo">
</Property><Property Name="Date" Value="2013年10月14日">
</Property><Property Name="Time" Value="13:37">
</Property></Properties><Event ErrorLevel="0" Project="" Source="HttpGetExample.sln" Description="文件已成功备份为 C:\Users\skybluewang\Desktop\21928 C#网络应用编程（第2版）源程序\ch08\E01-HttpGetExample\HttpGetExample\Backup\HttpGetExample.sln">
</Event><Event ErrorLevel="0" Project="" Source="HttpGetExample.suo" Description="文件已成功备份为 C:\Users\skybluewang\Desktop\21928 C#网络应用编程（第2版）源程序\ch08\E01-HttpGetExample\HttpGetExample\Backup\HttpGetExample.suo">
</Event><Event ErrorLevel="0" Project="HttpGetExample" Source="HttpGetExample\HttpGetExample.csproj" Description="项目文件已成功备份为 C:\Users\skybluewang\Desktop\21928 C#网络应用编程（第2版）源程序\ch08\E01-HttpGetExample\HttpGetExample\Backup\HttpGetExample\HttpGetExample.csproj">
</Event><Event ErrorLevel="0" Project="HttpGetExample" Source="HttpGetExample\Form1.cs" Description="文件已成功备份为 C:\Users\skybluewang\Desktop\21928 C#网络应用编程（第2版）源程序\ch08\E01-HttpGetExample\HttpGetExample\Backup\HttpGetExample\Form1.cs">
</Event><Event ErrorLevel="0" Project="HttpGetExample" Source="HttpGetExample\Form1.Designer.cs" Description="文件已成功备份为 C:\Users\skybluewang\Desktop\21928 C#网络应用编程（第2版）源程序\ch08\E01-HttpGetExample\HttpGetExample\Backup\HttpGetExample\Form1.Designer.cs">
</Event><Event ErrorLevel="0" Project="HttpGetExample" Source="HttpGetExample\Program.cs" Description="文件已成功备份为 C:\Users\skybluewang\Desktop\21928 C#网络应用编程（第2版）源程序\ch08\E01-HttpGetExample\HttpGetExample\Backup\HttpGetExample\Program.cs">
</Event><Event ErrorLevel="0" Project="HttpGetExample" Source="HttpGetExample\Properties\AssemblyInfo.cs" Description="文件已成功备份为 C:\Users\skybluewang\Desktop\21928 C#网络应用编程（第2版）源程序\ch08\E01-HttpGetExample\HttpGetExample\Backup\HttpGetExample\Properties\AssemblyInfo.cs">
</Event><Event ErrorLevel="0" Project="HttpGetExample" Source="HttpGetExample\Properties\Resources.Designer.cs" Description="文件已成功备份为 C:\Users\skybluewang\Desktop\21928 C#网络应用编程（第2版）源程序\ch08\E01-HttpGetExample\HttpGetExample\Backup\HttpGetExample\Properties\Resources.Designer.cs">
</Event><Event ErrorLevel="0" Project="HttpGetExample" Source="HttpGetExample\Properties\Settings.Designer.cs" Description="文件已成功备份为 C:\Users\skybluewang\Desktop\21928 C#网络应用编程（第2版）源程序\ch08\E01-HttpGetExample\HttpGetExample\Backup\HttpGetExample\Properties\Settings.Designer.cs">
</Event><Event ErrorLevel="0" Project="HttpGetExample" Source="HttpGetExample\Properties\Settings.settings" Description="文件已成功备份为 C:\Users\skybluewang\Desktop\21928 C#网络应用编程（第2版）源程序\ch08\E01-HttpGetExample\HttpGetExample\Backup\HttpGetExample\Properties\Settings.settings">
</Event><Event ErrorLevel="0" Project="HttpGetExample" Source="HttpGetExample\Form1.resx" Description="文件已成功备份为 C:\Users\skybluewang\Desktop\21928 C#网络应用编程（第2版）源程序\ch08\E01-HttpGetExample\HttpGetExample\Backup\HttpGetExample\Form1.resx">
</Event><Event ErrorLevel="0" Project="HttpGetExample" Source="HttpGetExample\Properties\Resources.resx" Description="文件已成功备份为 C:\Users\skybluewang\Desktop\21928 C#网络应用编程（第2版）源程序\ch08\E01-HttpGetExample\HttpGetExample\Backup\HttpGetExample\Properties\Resources.resx">
</Event><Event ErrorLevel="0" Project="HttpGetExample" Source="HttpGetExample\HttpGetExample.csproj" Description="项目已成功转换">
</Event><Event ErrorLevel="3" Project="HttpGetExample" Source="HttpGetExample\HttpGetExample.csproj" Description="Converted">
</Event><Event ErrorLevel="0" Project="" Source="HttpGetExample.sln" Description="成功转换解决方案">
</Event><Event ErrorLevel="3" Project="" Source="HttpGetExample.sln" Description="Converted">
</Event><Event ErrorLevel="0" Project="HttpGetExample" Source="HttpGetExample\HttpGetExample.csproj" Description="扫描完成: 项目文件不需要升级。">
</Event></UpgradeLog>